{"objects": [{"primative": "MONKEY", "pos": [0, 0, 0], "rot": [0, 0, 0], "sca": [1, 1, 1]}], "camera_poses": [[[0.0, -5.0, 3.061616997868383e-16], [1.5707963267948966, 0, 0]], [[0.8681086510419391, -4.923288810107004, 0.087262032186418], [1.5533430342749532, 0.017453292519943295, 0.17453292519943295]], [[1.7090589694771485, -4.695600927154852, 0.1744974835125054], [1.53588974175501, 0.03490658503988659, 0.3490658503988659]], [[2.496573836886434, -4.32419273033448, 0.26167978121471985], [1.5184364492350666, 0.05235987755982989, 0.5235987755982988]], [[3.2061090568786756, -3.8208919867839963, 0.3487823687206273], [1.5009831567151233, 0.06981317007977318, 0.6981317007977318]], [[3.815647063688848, -3.201708043843984, 0.4357787137382918], [1.48352986419518, 0.08726646259971647, 0.8726646259971648]], [[4.306406130043871, -2.486304738420684, 0.5226423163382684], [1.4660765716752366, 0.10471975511965977, 1.0471975511965976]]]}